Name,CellNumber,Email
Kelly Hughes,380 799 0651,khughes0@123-reg.co.uk
Raymond Pierce,693 805 1354,rpierce1@webnode.com
Joseph Knight,600 335 8205,jknight2@joomla.org
Terry Foster,423 683 6548,tfoster3@furl.net
Heather Murphy,493 980 9953,hmurphy4@washingtonpost.com
Sandra Stanley,249 146 6536,sstanley5@princeton.edu
Brian Duncan,266 370 5850,bduncan6@geocities.jp
Walter Hayes,238 907 8568,whayes7@theatlantic.com
Diane Hart,406 992 8830,dhart8@spotify.com
Teresa Lawrence,712 798 8679,tlawrence9@scientificamerican.com
Gloria Robertson,941 189 5186,grobertsona@blogtalkradio.com
Mary Cole,094 143 5808,mcoleb@comcast.net
Barbara Mccoy,837 463 3900,bmccoyc@buzzfeed.com
Joan Watson,027 378 3247,jwatsond@studiopress.com
Deborah Hudson,755 593 2273,dhudsone@patch.com
Lawrence Rodriguez,326 448 9972,lrodriguezf@hibu.com
Marie Watson,652 188 4624,mwatsong@statcounter.com
Patrick Palmer,562 376 0827,ppalmerh@facebook.com
Russell Riley,150 740 8170,rrileyi@google.it
Rebecca Cox,689 793 7032,rcoxj@chicagotribune.com
Gloria Torres,664 593 6006,gtorresk@about.com
Eugene Fields,397 235 5612,efieldsl@arizona.edu
Harold Fowler,145 534 2777,hfowlerm@t-online.de
Timothy Ruiz,340 089 1682,truizn@tinypic.com
Eric Harper,854 702 0236,eharpero@archive.org
Amanda Mendoza,068 208 4418,amendozap@istockphoto.com
Susan Reed,506 218 5558,sreedq@altervista.org
Martin Kelly,374 039 9704,mkellyr@huffingtonpost.com
Russell Rice,942 101 5379,rrices@yellowpages.com
Tammy Lane,459 627 4072,tlanet@bizjournals.com
Nicole Robinson,325 260 2013,nrobinsonu@dailymail.co.uk
Robert Smith,814 701 9927,rsmithv@bloglovin.com
Lori Wright,537 503 8711,lwrightw@dmoz.org
Elizabeth Lopez,794 040 0167,elopezx@meetup.com
Norma Kim,871 158 1155,nkimy@icq.com
Joseph Fox,536 936 7647,jfoxz@who.int
Jesse Campbell,721 845 4459,jcampbell10@smh.com.au
Judy Elliott,972 035 9332,jelliott11@fotki.com
Gerald Flores,048 525 3535,gflores12@dyndns.org
Juan Bailey,509 219 3442,jbailey13@mit.edu
Craig Alvarez,708 480 4423,calvarez14@unesco.org
Wanda Carpenter,993 474 7827,wcarpenter15@histats.com
Gregory Shaw,272 416 1389,gshaw16@hud.gov
Lori Stone,083 935 9484,lstone17@soundcloud.com
Diana Brooks,903 025 1858,dbrooks18@goo.ne.jp
Edward Arnold,742 078 3237,earnold19@weebly.com
Jose Castillo,375 587 5106,jcastillo1a@go.com
Stephen West,443 205 1808,swest1b@adobe.com
Nicole Cruz,067 465 4736,ncruz1c@latimes.com
Stephen Reed,083 781 6873,sreed1d@fda.gov
Kimberly George,677 472 8393,kgeorge1e@phpbb.com
Kathleen Reyes,682 116 4825,kreyes1f@baidu.com
Gary Ruiz,114 623 1917,gruiz1g@angelfire.com
Ernest Mccoy,515 677 5393,emccoy1h@meetup.com
Todd Peters,170 073 4279,tpeters1i@mashable.com
Joyce Simpson,965 077 3813,jsimpson1j@youtube.com
Robert Lawson,658 694 5259,rlawson1k@arizona.edu
Wanda Stephens,141 182 5943,wstephens1l@friendfeed.com
Fred Schmidt,196 194 0455,fschmidt1m@pbs.org
Judy Wood,823 908 9967,jwood1n@utexas.edu
Kathleen Hill,431 931 0864,khill1o@so-net.ne.jp
Alice Banks,002 605 4914,abanks1p@xinhuanet.com
Martha Austin,504 996 7301,maustin1q@nature.com
Janet Harrison,691 486 6857,jharrison1r@plala.or.jp
Ralph Hanson,102 810 5000,rhanson1s@unesco.org
Victor Banks,487 189 5737,vbanks1t@gizmodo.com
Heather Olson,721 884 4808,holson1u@zimbio.com
Nicholas Wilson,470 879 6881,nwilson1v@examiner.com
Justin Jacobs,599 017 5505,jjacobs1w@amazonaws.com
Eugene Garcia,041 996 6575,egarcia1x@stumbleupon.com
Betty Freeman,621 834 5198,bfreeman1y@typepad.com
Eric Burton,834 222 6909,eburton1z@posterous.com
Donald Hansen,746 437 7114,dhansen20@moonfruit.com
Mark Mccoy,912 098 4270,mmccoy21@salon.com
Ann Nelson,022 024 3468,anelson22@networkadvertising.org
Deborah Day,057 786 0617,dday23@tiny.cc
Henry Garza,086 905 7341,hgarza24@google.pl
Paul Lopez,698 586 0011,plopez25@examiner.com
Louise Garcia,517 287 8851,lgarcia26@businessweek.com
Heather Thompson,493 113 9023,hthompson27@mediafire.com
Todd Palmer,210 858 7928,tpalmer28@macromedia.com
Norma Black,231 595 7054,nblack29@stumbleupon.com
Matthew Banks,963 017 2933,mbanks2a@addthis.com
Joshua Sims,490 784 2144,jsims2b@cloudflare.com
Jane Gray,150 083 5870,jgray2c@technorati.com
Joseph Ruiz,756 243 0017,jruiz2d@latimes.com
Billy Gomez,948 214 0732,bgomez2e@trellian.com
Irene Bradley,000 354 5358,ibradley2f@illinois.edu
Sarah Pierce,325 600 4059,spierce2g@hostgator.com
Tina Hudson,351 124 2080,thudson2h@usgs.gov
Patrick Stanley,475 508 9845,pstanley2i@facebook.com
Marie Hall,977 471 3092,mhall2j@gnu.org
Elizabeth Bailey,220 202 0394,ebailey2k@hugedomains.com
Margaret Fisher,660 584 6691,mfisher2l@g.co
Phillip Young,692 585 8820,pyoung2m@ted.com
Christina Lopez,284 485 3036,clopez2n@apple.com
Terry Washington,868 991 5311,twashington2o@nyu.edu
Teresa Andrews,625 408 7178,tandrews2p@microsoft.com
Sharon Cunningham,556 047 7594,scunningham2q@kickstarter.com
Craig Tucker,571 693 5653,ctucker2r@springer.com
